command,mean,stddev,median,user,system,min,max
picodocs build,0.011955834180000001,0.001234472105639622,0.01166149678,0.003727548,0.012156947999999997,0.009817509280000001,0.01444417928
mkdocs build,0.11529623957999999,0.0015006683978846112,0.11508118528,0.09684316,0.018842619999999997,0.11287507528,0.11767232428
mdbook build,0.01703584298,0.0007508834187120383,0.016846685280000002,0.01014556,0.007253520000000001,0.01619672528,0.018527339280000003
