command,mean,stddev,median,user,system,min,max
picodocs build,0.006088614264477613,0.0004126192467771142,0.00605883436,0.0033220358208955227,0.005502425970149251,0.00518802836,0.007558580360000001
mdbook build -d /tmp/mdbook,0.02455111811892858,0.0006048012984932055,0.02464167986,0.015544625000000005,0.00874564857142858,0.02334713436,0.02694859236
mkdocs build -d /tmp/mkdocs,0.25412245645090914,0.0028174953786666793,0.25350273836,0.2264022727272727,0.02622285636363636,0.24929894536000002,0.25881594336
